,MAE,RMSE,NSE,alpha,beta,HFV,HFV10,LFV,FDC,training_time_minutes,model
01022500,1.080753803119469,1.8068280543167048,0.3370347634991086,0.5467669148447526,0.7798364467148071,0.517889942719104,0.5962960237664912,1.095194354712468,0.9959596227400886,16.83933725333333,p3t1
01031500,1.2192259327128734,2.3208245834829686,0.4267591107538322,0.7567935167523114,0.8106824456284737,0.7243126063579429,0.7920688867442989,0.3765264949154218,0.9125090862389064,18.27974439,p3t2
01047000,420.464499095143,721.6708323460999,-48788.586102850175,179.77856599913034,205.50291034225077,66.68450963827547,134.60826990181457,0.6140273114345158,1.9414719248629888,17.46447781166668,p3t1
01052500,1.7616015355550585,2.806256677517416,0.3988122582216917,0.9348496205592176,1.2811071020657827,0.93777520080911,0.9946232065461608,1.1369885262089925,2.0903821246720145,16.310923059999975,p3t2
01055000,1.5208986754267595,3.405521787191933,0.3449361315304055,0.6248800286191143,0.9352242816219,0.5745112091120002,0.7671535588326809,0.4864557739161279,1.3038683532727653,18.118587686666675,p3t2
01057000,1.6246929086618709,2.7116977792355543,-0.0006685504260095,1.020847474893436,1.0588552941580611,0.8875527304162597,1.0865111171010624,-0.7956754088717299,0.9535979565777865,14.46549777666672,p3t2
01073000,994.9231923664216,1017.4341906384282,-157198.91521474737,82.95774465305806,633.2319966774633,78.4082105604195,158.4925123098581,5180.706174948708,1328.7381301294106,12.800041675000042,p3t1
01078000,1.210462281306393,1.9604809107188832,0.3599463349379571,0.9995953895585866,1.1352469585569906,0.9787532007047288,1.0385263630423975,1.135862195157987,1.330780719181366,16.442250566666676,p3t2
01123000,1.2257582396998716,2.0445548878518567,0.1510321921827122,0.7940291753928239,1.129989781565414,0.7813358812981283,0.8942839313935226,2.498440512014637,1.306754832073397,16.95871536666673,p3t2
01137500,10.07595242627858,16.436140680475148,-25.56029090870771,4.281211151551574,5.445370365368712,2.0101279790874336,3.7213914593474975,1.2115282451114036,2.012841458443317,21.322548283333404,p3t2
01139800,2.7505492677983807,4.753906515958793,-5.196336845118815,2.319436833489979,2.0250054847965098,1.470496925688343,2.179693494084588,0.5180286634578065,1.0916890512283297,15.665933265000058,p3t2
01142500,1.1060983432554583,1.7892610893012495,0.3517588386510205,0.8389295557533971,1.0551639075683668,0.7883762945407812,0.9453799379322022,0.948148859405196,1.259604545889646,10.65586960666648,p3t2
01144000,1.186696681894614,1.9570919000576037,0.2209988695471026,0.9831983270613284,1.059824886596402,0.8975908250920506,1.035501171208834,0.641370127060218,1.0643095461895216,15.28330723333347,p3t1
01169000,1.8108903955665072,2.9295242972393947,0.0463472087768577,0.6334662173702063,0.6934462247937121,0.5272569685405519,0.6196263401223621,-0.6817000106937519,0.9207490241667016,15.862200998333476,p3t1
01170100,1.5468796959640474,2.5169071449503178,0.2164407898517775,0.7837338807727869,1.1322664732274526,0.7280003557090087,0.8847125679927224,1.9382753409452904,1.5146700248016958,13.918257354999756,p3t2
01181000,1.764714854322325,3.4178179922962397,-0.2736441481512346,1.1412321259533598,1.1519174687455325,1.076216245328472,1.1813017133335637,0.3948346029299427,1.0704691035007985,18.5210086716664,p3t2
01187300,1.9591636264266992,3.865921402610994,-0.1143436738429559,1.0139192995735922,0.9769690480230536,0.950862451131694,1.1047965347589157,-0.8008220200544813,0.7472354835324583,17.020565713333294,p3t2
01195100,1.0946450565809374,1.988170819426713,0.336381786729391,0.630020353747495,0.9765267309992512,0.6548197750688917,0.7556416351420214,3.873417910447575,1.296130273623982,19.885293235000184,p3t2
01333000,1.1812166701196392,1.9075201735124283,0.227697474614162,0.9660767517942604,0.9900737451196924,0.9267265736429924,0.976388710058476,0.7955170900663353,0.947045910901859,23.61957297333332,p3t2
01350000,1.3318518925368876,3.187730048825825,0.2874078685540955,0.664575675229722,0.7914802406439959,0.6697603981488349,0.7304973350136774,1.3028847683735305,0.8937575891303612,27.57714294333321,p3t2
01350080,1.017882377204315,2.2717440271757368,0.2680862112370289,0.4160689742707305,0.6596569689681949,0.4268238876646395,0.4724748674289621,2.4509341296869374,1.120103292088502,32.553641760000026,p3t2
01365000,1.7606431007274528,2.8849933869917903,0.2755315283436638,0.5483579585593972,1.0722363420367764,0.5186088712588461,0.6833399014630592,2.329376160984734,1.5328242871557791,22.679446026666845,p3t1
01411300,11.04138248041633,23.12573780667833,-312.9292179869718,15.910190171913952,9.770379979843003,7.519535034554584,13.260647019768582,1.205683118191588,1.0421160486460088,11.94753424833325,p3t1
01413500,1.2885936633113804,2.620290878506938,0.1910360140145353,0.659199735322425,0.9330342589455684,0.722033890665737,0.7486604721676527,2.490456688133304,1.2802918724192176,16.86733513666744,p3t2
01414500,1.3798641630237454,2.7769742818642373,0.2205762800579078,0.5882895198270325,0.8771411801564002,0.5866210547705267,0.7185319048202645,1.3898741220391064,1.0946831681482745,14.858129969999816,p3t1
01415000,1.6501654234681016,2.516570095999277,-0.0596907774940262,0.5714026846835688,1.1425477050167467,0.4722926904466645,0.6723305606798626,2.511241625170564,2.0365621864543013,14.530979910000072,p3t1
01423000,1.1811098868520888,2.248921789342285,0.18971674894944,0.9134873240859775,0.9825583984157124,1.0161327152706143,0.9879917671247768,1.7809798069857183,1.0864646762251269,22.019495896667163,p3t1
01434025,1.70390244116244,3.588665439171665,0.3001677498622294,0.620447841748364,0.7547818913238464,0.5657024806373881,0.6759908587479478,0.5527582170409582,0.7501215442198113,11.117786713333528,p3t2
01435000,1.8456316749315589,3.8827019110036094,0.2028638505122414,0.7939460799589335,0.8877928507998069,0.7625930839433217,0.9082154762629896,0.5323084543880772,0.7740831566833957,18.34629860833326,p3t1
01439500,1.0907598619802912,1.7353689420409446,0.3851982638253987,0.950621394341893,0.9047275631866394,0.8730326674999912,0.9875125407032777,0.6707464606089004,0.7597487075804867,14.939878746667334,p3t1
01440000,1.203052960548894,2.1913816808988384,-0.0076791335390946,0.9551460669854568,0.9372424290896662,0.9142851160929628,0.9984496844614452,1.050480069869148,0.7949731785795604,14.837036943332835,p3t2
01440400,1.314131766708017,2.312488249792005,0.2279387458923262,0.911054768683068,1.0682909845659865,0.8133368667550753,1.0388905112508298,0.862324580891382,0.9955896834648312,94.41273968166594,p3t2
01451800,1.1984997467981684,2.6093367522592583,0.0713175939937182,0.8398103209145443,0.9726812140435712,0.7803004633579774,0.8730156186743304,1.1399555573659204,1.1033201813469469,14.792078020000677,p3t2
01484100,0.6140650307881081,1.2820017586279588,0.2006822241027401,0.3209111252072319,0.704871670854577,0.352338911799649,0.4662636373495242,1.256038874058723,0.8778436680898715,22.95197486166629,p3t2
01491000,0.946877237697268,1.9486443250569936,0.1366713396120299,0.7394787368815747,0.9139237419001108,0.7303088735735652,0.907677391464048,0.5968513728166085,0.780676254476153,18.70802818500088,p3t1
01510000,58.90098147746342,79.47644192220667,-946.7605688610644,20.858327882503893,34.575006672371025,7.9274706383229265,15.11035753983809,4.578774624455615,72.13702212270357,15.963474175000252,p3t1
01516500,0.9397925642157862,2.593912834397391,0.1117172827365313,0.2871145585738175,0.5514344110197112,0.2762325587396366,0.411800465957932,-0.238717509568057,0.9789245771244636,16.377993833332827,p3t1
01518862,0.911512816611806,2.0998858440257675,0.2701520212512333,0.4744646964194926,0.7681049312884364,0.4577064950938916,0.595951643578663,1.584627292554909,1.1646775285998898,18.001226941666875,p3t2
01532000,1.0684256558069212,3.0882317821615755,0.1503956309934904,0.4414881383085434,0.9458060469984249,0.4952550627069263,0.6842698851605797,2.639576020423438,1.4756998488778297,16.556758724999963,p3t2
01539000,1.1707045088703931,2.317912907391937,0.1597099891153004,0.737306511020592,0.979811685176072,0.7000473589023948,0.8473477632155424,1.3775900149882678,1.1485728839134897,19.21370905333315,p3t1
01542810,1.320381440677221,2.664783335095702,0.2033745886333363,0.7118264026593971,0.945846557255932,0.6976573460448648,0.79722129308029,1.7439079730306395,1.2631550868631156,16.46769337999964,p3t1
01543500,1.171257833474756,1.982527672519257,0.2622414411209041,0.7393202821364856,1.0139052894657328,0.724928404767901,0.8265664700356616,2.198976828682,1.3176505061486612,14.901268938333184,p3t1
01544500,1.426956414112658,2.449258340136054,0.1980200902197946,0.7195268678290891,1.247841451544992,0.6088524798005046,0.8564565455204334,2.484063275752081,1.7626879587119155,18.82181013833324,p3t2
01545600,1.0925889428410207,1.9903894108291984,0.3199547401890803,0.6701962731089519,1.013876759602034,0.6769572482320281,0.796710291813964,2.3031650437440963,1.3793604870622933,17.644995884999904,p3t1
01547700,1.009576959942751,2.1251030105651383,0.2619890453219534,0.4872621437915946,0.7533742433262722,0.4421395760606497,0.5440256089809501,1.2951711986908885,1.2044502220944346,16.89302828500028,p3t2
01548500,1.0057841227435107,1.8233408018961592,0.3290897512398357,0.7152460270104527,0.8666423063246437,0.7086810668997263,0.7800344156036783,0.7934049183020897,1.0383346454146538,17.570252251666776,p3t2
01549500,1.134624356450041,2.5147660398350102,0.2836457920108313,0.5896848464004406,0.7688783149543008,0.5926492148657485,0.674897121084996,1.272783035164099,0.8947041779068586,13.57043968500026,p3t2
01550000,1.2358487369921023,2.744938997933589,0.2203283420073613,0.6105947186137353,0.8565803152645782,0.6287847292250015,0.7409371036849179,1.4633055382024227,1.0420089880468515,25.4294945383328,p3t2
01552000,1.201300902304072,2.5094534476998778,0.2011995402998329,0.6994101168816961,0.8316534180371455,0.6832525207578218,0.803870051950547,0.9787795999271376,0.8444293297365414,26.351783778333143,p3t1
01552500,1.471004404031469,3.2955151308523507,0.0510777174797854,0.8421421106344839,1.0014498417413311,0.8677080371350309,1.0279292137606648,0.7317089256095097,1.063227607409347,23.07006013500019,p3t2
01557500,1.0853932586308552,1.9127939811310817,0.3341379085022079,0.7741953247542608,0.9482153985472588,0.7964543356373527,0.8368077144197119,1.9859128972825115,1.1561515520294006,26.84454929500061,p3t2
01567500,0.9109280119434708,2.291954628223553,0.2433446583626218,0.5280974018347807,0.9031287832410342,0.4900421537339954,0.668562214804299,1.1676161085625845,1.345262325683112,29.96576872666677,p3t2
01568000,1.154094837182667,2.695400354910951,-0.0698103475876132,0.7793669850304429,0.9658741522538636,0.7402878646194716,0.7893570949507263,1.6326581467159649,1.3329720326914942,34.88907865666746,p3t1
01580000,0.7027223961363919,1.495530359685472,0.0946064399206071,0.4908763045946796,0.6339252282791116,0.4881660651682272,0.5829437143238456,0.6507024006876293,0.6643143133229032,20.049728140000177,p3t2
01586610,0.7034812438232825,1.6019712102483217,0.2037949583330125,0.5217449724702691,0.9296315241698654,0.5389794390240222,0.7295828225648504,1.263829969886225,1.123501792813884,12.023952515000325,p3t1
01591400,43.61355617219952,46.387316445657234,-548.5559199485712,8.07952457927982,40.26054831203405,4.725954782998897,12.184466105925283,101.94717378931192,73.26236954299124,32.68381092000054,p3t1
01594950,1.6450015151740134,3.4664014252882898,-0.4458306899768893,1.2130280474336237,1.1400341578553128,1.3261123100640442,1.2254780433570185,3.723500323285176,1.0774541456076083,37.1832631416677,p3t1
01596500,1.2165873902490478,2.4200536001676065,0.156525344032943,0.6490289360821472,0.937659799344012,0.7111247536028695,0.6768873250357379,5.076176399167773,1.5509462096873992,42.72556037666703,p3t2
01605500,583.38279203289,1056.138433393127,-286929.9163641198,446.71585512627104,625.3615241539846,187.3763211750857,430.6016031814548,1.7819750550466624,2.421688583562687,21.694161354998748,p3t2
01606500,7073.537773450224,12821.258717189932,-32620525.35674162,4763.777058548671,5832.2050442615655,1958.3024109579376,4060.736932761538,1.2026998327275489,2.4917499530772678,25.94853273833287,p3t2
01632000,185.27191359628952,333.6174505710521,-11676.030058765326,90.01314651531374,178.05856811851217,41.47829315645926,100.72474442828934,3.2084909065377474,3.162512166776738,16.561984986666356,p3t2
01632900,27.889046420842345,41.74002328785721,-488.5632707090956,16.793370639131634,31.25908382648367,6.889916589928129,16.01690171564502,-0.2129790111307506,5.5561308031129535,42.43994675166711,p3t1
01638480,0.8114154458899047,2.0259886483396827,0.2355569201387602,0.4124407297065931,0.8714607343589504,0.4460064323192289,0.5727299502545852,3.553372586019436,1.513006514247875,18.06590929499944,p3t1
01664000,0.816734241389893,1.7776618077365414,0.3002009358882561,0.5231187906079323,0.9466874915319344,0.515109343514441,0.6991512981966064,1.9592706020321349,1.1470220328831766,22.946523791666063,p3t2
01666500,1.4004020048359738,3.370910068312798,-0.3298712107863848,0.8023909390814498,0.6582761937752823,0.6913339483005831,0.7607850939641116,-1.899912197540573,0.9854521794834912,17.73971917666689,p3t2
01667500,469.3273041403796,724.5802192113181,-70353.08165773124,202.3018017012808,350.2623811273611,82.98744598580116,202.4560822954651,1.6180649931564994,2.384727172115988,17.004462088332122,p3t2
01669000,0.6589069962400166,1.1490300648710647,0.0345680651543806,0.7370066314013252,0.6616924642431229,0.6583393500341815,0.7568748067899081,0.2148442496173314,0.5898983428218889,14.779039046666972,p3t2
01669520,0.7078230980706108,1.8039650424273896,0.0049032984550433,0.6088296268704654,0.9597926299739375,0.5808436447083907,0.7899803141138582,2.093740619443966,1.0821863898517374,16.94388901499915,p3t2
02011400,0.7260184947725793,1.6457804362313622,0.1997642796303244,0.4698151863888484,0.6305113501122052,0.4543584579844973,0.563451510371899,-0.1543827616864255,0.778697387464594,17.054320333333454,p3t2
02013000,0.773820679231392,1.9313653839368763,0.2715187121025442,0.5487368982473998,0.8698938678379887,0.5669226970238186,0.681353585245015,1.9212793923111904,1.3886051568042568,14.244075131666614,p3t2
02014000,2.093095248890347,2.443258363057443,-0.7020615027689894,0.5938807170155496,2.7955311474052973,0.6933011164157225,1.11738725799449,20.55282568723173,6.18766403237254,49.80284774666652,p1t2
02051500,1.1837751229901676,1.7375335149596718,0.0046682337463396,0.616092030454732,1.879800028287484,0.5359362181990475,0.9181352829739704,5.404277091632194,3.676565437545128,,p1t1
02053800,0.931072370752104,1.7098756166750826,0.0527357961834383,0.656920461748841,1.5209031095841736,0.6015229089320773,0.9937238272407036,2.3996154151210347,2.1741663853947992,,p1t1
02055100,2.3630271079031275,2.7529424539246,-1.1496063895371718,0.7069473024519426,3.0643119422743617,0.7537030431894945,1.4044140860963212,8.539049175288623,5.378064060014391,,p1t2
02056900,0.84070499457795,1.7046358002068147,0.0799863957501755,0.6325160868318913,1.3451169766489344,0.611277392956501,0.9514945252437416,1.6515928643086542,1.70786452702492,,p1t1
02059500,0.8694128635590586,1.7159030175420555,0.1477078630850767,0.4184168563256169,1.4963115457239895,0.4625893997259165,0.7808568824681072,2.926104670468568,2.266345822653544,,p1t2
02064000,1.0070507838980145,2.703034052186755,0.0799576778348284,0.4313849726487015,1.4014713292032002,0.5159780329109142,0.8786780392111373,1.7731895716385333,1.9363046199312524,,p1t1
03010655,1.1060061991087151,2.0706463417165897,0.1683949932112594,0.9469406448393664,0.934379557012208,0.908292618919528,0.973746422369244,0.7201555828726348,0.8519187825527287,21.160829634999995,p3t1
03011800,1.466195695639541,2.231560139896061,0.1532423402102999,0.844618609567301,1.30693296034898,0.7841125147569963,0.9944581176771078,2.5935075942992896,1.5713292416414713,59.57112239666667,p3t2
03015500,38.48167984205959,38.71344926740294,-216.8102336829521,1.3122506742345348,-20.31423252525504,-1.3429441056672713,-4.171952613141883,-198.6009817828809,-42.07720489275411,25.503097024999988,p3t1
03021350,2.169215536977331,3.3238472970654103,0.1901649223305385,0.634877895901894,1.4257636093862625,0.5935151133749355,0.8086924008942232,6.0892251358032174,2.642787205089934,27.39489302333332,p3t2
03026500,1.5417265092144594,2.483703732011408,-0.0658492697002612,1.0337683540111418,1.3109717740876328,0.8808044026626969,1.1839629369414228,1.1105978584037508,1.386360575895184,23.36348312500001,p3t2
03028000,1.180903967436684,2.051028226853676,0.3605966871156705,0.5763751514169111,0.9795196503217052,0.5966917345739103,0.6870389343759912,2.483862842392485,1.3822103614838548,38.5396916166667,p3t2
03049000,0.9757314197550946,1.799755233673601,0.0857316025532992,0.4222553679846546,0.7425176116664628,0.3148916531936283,0.4547253483582599,1.1974566567139728,1.2435557161782334,35.50828879999996,p3t1
03049800,35.503476847906185,47.549899736648186,-758.9933167201439,18.404839925213523,36.641445613006816,7.65178226309123,15.10855649654562,22.82801100675465,77.75086192736791,24.882790688333383,p3t2
03050000,1.9274090117185332,3.655638938157215,-0.126593727732152,0.9221615460269486,0.9607140209674904,0.8643389371148804,1.0394888683192354,-0.3227880462201071,0.710360273205034,33.11712913333322,p3t1
03069500,1.7430054719638577,3.562282571343259,0.088063126207134,0.8496979292342398,0.975249539769344,0.8470657246640467,0.9782652519034556,1.153211242680438,0.928321243830294,40.00051684666663,p3t1
03070500,5.001273698432533,5.566776763422559,-2.830345140184723,0.6119423137427044,-1.497525122491577,0.2489951565830844,0.0813309769545422,-26.12142465376928,-3.509520946215949,73.20708573499991,p3t2
03076600,1.2200282573110297,2.154300829331736,0.2972730368374496,0.6010573234284727,0.837039805341653,0.6505905700956285,0.6690362722187728,2.621323965642993,1.126408106883251,18.516472901666567,p3t2
03078000,1.301270056400745,2.316175813566008,0.2779554197139096,0.5954169699833539,0.9624612942571864,0.6120514334390198,0.7094067888204746,3.324479202129953,1.2856359700415938,25.2613121716667,p3t2
03140000,0.8565835929988532,1.7577598480253325,-0.0874166265309162,0.8380971136282552,0.9307059560740344,0.7728031431581299,0.9861535049617384,0.2994048615020458,0.7072366610635125,19.63938347333363,p3t1
03144000,1.2704341000640098,2.829171405725731,-0.2818366249362167,0.9814120940564404,1.046835144284352,0.9602347118734144,1.1964873270318404,-1.4684738422525032,0.431097122194915,31.43023448833313,p3t1
03170000,0.6367930435834627,1.1291583037731543,0.1358288233277959,0.8223755034540234,1.2024363594019725,0.783300303604736,1.021975069345814,1.309282291457457,1.3225941771585852,27.569856716666735,p3t2
03173000,0.8162250869132789,1.8156665723403644,0.1067592861809242,0.6200260162104873,0.8158517295539768,0.6180035424217765,0.7712005398592404,0.806280672386051,0.9466114023470044,29.686984751666508,p3t2
03180500,1.6734152677491516,3.380825339031309,0.0696920786841609,0.7364547761507876,1.0155488403810695,0.7047658264376382,0.9001221861094277,1.8315475942122352,1.0743751894705282,22.737554036666797,p3t1
03182500,1.5631725242418368,2.961168056966036,0.0081473223974161,0.7690291865214783,0.8642265825600177,0.6240781039412893,0.8968438393164654,-2.02390134133991,0.6151393120261132,13.148976046666697,p3t1
03237280,1.1644495411347182,2.914589599388328,-0.0946977589574626,0.5866129851474319,1.0901784644803674,0.5344183871493292,0.7547224962891479,17.629995375288267,3.509995441774294,13.3879147549999,p3t2
03237500,12.476428927079814,22.94165278778504,-39.90478174279293,5.47972351169244,10.145280713100949,2.703200876885237,6.01300497178366,4.736190056068797,3.032501087994804,12.461189448333364,p3t1
03241500,0.9007385303891776,1.5072623987587737,0.2795729321921161,0.75068813586463,1.418877847016628,0.7155495701829324,0.9398901694890412,4.376829962250353,2.3128108673839303,15.80950953499996,p3t2
03280700,1.166559821321828,3.143000245997049,-0.0075343889539036,0.8625806683242808,0.7905273648477736,0.8088106937082271,0.7514830913008762,1.888127322568249,0.9931528076557912,14.123887493333314,p3t2
03281500,1.38672232779929,2.671305054101607,0.1207012547361442,0.910052994091454,0.9926858579024072,0.8250553649715805,0.9905296797873904,0.0725748806695342,0.8500394590850684,15.842889593333044,p3t1
03285000,1.6678454631336797,3.619842813040377,0.1978812747652857,0.537638340722606,1.3103266802432405,0.5110620662965156,0.755512290730695,8.039610895957908,3.169708965058468,15.688794619999925,p3t2
03291780,1.335338292501847,3.683448591571135,0.2922030644738643,0.5022750368023791,0.8878441532248008,0.4884864177257023,0.6403139713302737,10.488869840987432,1.8919920141085085,15.284774773333629,p3t1
03338780,0.9788862037044468,2.350733240283569,0.1913376854557094,0.6584113140367077,0.8815952715682688,0.6499662427312092,0.7277900419330133,1.9478632809673515,1.177996776126705,18.74343349666645,p3t1
03340800,1.2946170116274378,2.615275210704761,0.11668251321172,0.7765382808695765,1.7716551165647008,0.8120155493647403,1.1656168839677183,5.477422795395989,3.0554241176049803,16.7890293500003,p3t2
03346000,1.2678217665333604,2.625720429831115,0.1747681172716446,0.9015490906692304,0.7515429218688862,0.8367003248578583,0.9693943839731736,-29.62187507169346,-0.5508022457797175,19.459822424999825,p3t2
03364500,2.461629596077065,3.588795368358352,-0.6682163291274461,1.0804421227997092,2.740572532740306,1.1186948251239146,1.4905701026949614,26.96074623700264,5.803107770481605,13.896563965000192,p3t2
03366500,69.83647693051499,76.35444500007976,-445.1404583535596,8.558570964960728,54.21540263599268,4.650248556249273,10.72942087182312,951.0014972819916,316.8619267964983,12.225837603333154,p3t2
03368000,2.235040662431586,4.750948240557449,0.0732460947273072,0.6542557708076526,1.0533776743782746,0.5614596874862147,0.8295354586012419,-34.65582370783476,3.5091733611947133,16.58017587000019,p3t2
03384450,68.14751033190757,68.73041801935771,-321.5823539895644,2.23108756107955,53.87496893904271,3.4800370998751173,8.466916762139459,5613.395389609436,424.5256039984767,23.69075684999989,p3t1
03439000,64.84755154552252,64.9510242007779,-376.4779000363319,0.5312737516246521,21.10381237299992,3.7314300964637934,7.096227198705401,62.43924327451513,29.76515591366081,41.09181295500021,p3t1
03455500,2.5692261950154807,5.406634370056564,-0.2863965006412936,1.071394480308338,0.8830969549842387,1.0082986843933843,1.0846750531580294,0.3540400653610431,0.6052028165097909,17.263904948333707,p3t1
03456500,102.24208249873332,102.34048031734709,-808.0111668704938,0.7600931827406071,38.70821859850736,5.378517127438155,10.97260261564866,154.0122818983046,60.37136506939469,21.13672482166633,p3t1
03460000,1.0692956360258208,2.143280062693509,0.2964083169943589,0.5620112270488956,0.8739943168116726,0.5715712602342706,0.6712772102564432,1.30226478424061,1.0302213651958307,17.87864299166734,p3t1
03471500,0.78948106964043,1.6789000575942767,0.2859156545839887,0.6310353391358686,0.9086953503773336,0.6558177068441001,0.6917331575398807,1.6864039549703775,1.2293449861495425,22.98278502166601,p3t2
03473000,102.61860925664318,149.5807468815045,-6262.197598918103,57.81681249899846,70.31010843070239,21.04728153617687,41.11511325276893,2.707490186601079,45.05198632726115,21.57076430833355,p3t2
03479000,1.3320941671854925,3.584439168557567,0.086080322422721,0.6759014722894694,0.6496506823730609,0.7302975894044526,0.7830125791046852,0.2998053638164175,0.4388862768299535,23.15568818000029,p3t1
03488000,0.9992080063759076,2.0968840699967712,0.0159766657310244,0.7282319651512987,0.9159883489247088,0.7487064762236665,0.7188795574834248,2.333424561464948,1.4322960731102763,21.44132320666686,p3t2
03498500,1.3100619733141323,2.813279121180202,0.1707380667939002,0.8819064598913681,1.1759258043808265,0.8812587204275322,0.9348073493020104,2.5131450892792104,1.4905356222572923,23.984267068333185,p3t2
03500000,1.1218815822115429,2.035653969801877,0.2501285034514665,0.6453745381138773,0.8436144287142977,0.616004465981756,0.7061674320305856,0.921985985802933,0.9532180877450488,30.267574401666447,p3t1
03500240,1.492847519627247,3.1773039058808896,-0.6368160619338246,1.190168765075549,1.1297458524418311,1.2853788293339607,1.2457605850303504,1.0747800810491968,1.1003640488849054,16.016900765000415,p3t1
03574500,2.3962531885521456,5.022906253565445,0.0867885347725956,0.6710742031910146,1.0724416559077263,0.6175248801578338,0.7031986487648476,1.9760306417251845,2.743652869987796,27.521740245000306,p3t2
03592718,1.2884859353735765,3.5486279038104733,0.2234889488680524,0.5570752830926137,0.7292694193310187,0.598967301148101,0.7327706285411838,0.4142241154784224,0.6868687954152914,26.28470283666684,p3t2
03604000,1.3774737881285135,4.774051392119514,-0.3843554509767672,1.2375533573932564,1.0903945596895852,1.448849365536176,1.3581291377768916,0.6891531477343,0.7669922338575217,18.96436375666623,p3t2
04015330,1.1732507105358516,2.2636399967097924,0.2308311095286461,0.5417238761171148,0.1559865918779889,0.4541221431512348,0.5159932124298489,-8.008732973243012,-1.1978619751846165,,p1t2
04024430,0.9312274688950104,1.3782167266264844,0.1578075824280024,0.8787406762681701,1.571921136981656,0.6585635179031036,0.9575701055352676,0.9364883384484992,3.232708281379016,,p1t1
04027000,0.8263002984145047,1.3115444928475724,0.2852433130539653,0.852459751589943,1.4304959524922674,0.7251853107973926,0.9887333109007574,0.5610171086006935,2.3719897944730377,,p1t1
04040500,0.674730444276801,1.0767824441861529,0.4666382003387764,0.5669298654039706,1.0487831632248228,0.5327075715326972,0.624319057304057,1.4329000334677915,1.9764974523845524,,p1t1
04043050,1.9215301523418389,2.836870377938757,-0.8154735160451907,1.580865733254163,2.28370243779468,1.4003980619480976,1.751410504287528,0.5818752993609566,3.440955669067148,,p1t2
04045500,0.5185817261100305,0.64702488491258,0.5174466679412172,0.7979631109972465,1.1142479242542065,0.7864729339243485,0.7841725513909831,0.9082927153476742,1.7064972041497817,,p1t1
04057510,0.378888713619894,0.5245640674103467,0.6370695483310086,0.7823695907689193,0.9862258845011064,0.7713733338769397,0.7884104434820634,0.6094891654424629,1.4676897302311782,,p1t1
04057800,,,,,,,,,,,
04059500,0.4751607390100102,0.685813230932522,0.5716626125192813,0.7078327554742028,1.2216554484379114,0.6535564595336264,0.7546309442977001,1.0158777337425662,2.5607692709563024,,p1t1
04063700,0.3903071109237848,0.587949069984394,0.4823931615280129,0.7552493083440059,0.997709197562732,0.6424147422034373,0.7747354317516675,0.3591748379374789,1.4475213641561977,,p1t1
04074950,0.2536603438362324,0.3739683256716693,0.4705251345327297,0.6016368448347859,0.8473481955069981,0.5821082595921787,0.6585526018493246,1.0122838743889,0.9609982897642352,,p1t2
04296000,5.209381105883255,5.579868624572165,-6.59454623409216,0.79903523197733,-2.421583898037636,0.2022360822689489,-0.0794925498817176,-16.525256732157718,-5.293463546566822,25.06939417666678,p3t1
05057200,0.1315841926266558,0.3926113817268596,0.3220312191511796,0.4457600158669949,0.6713764840949576,0.4387358014476937,0.3896966097132451,2.088466641624694,4.005711773776956,18.84851881166667,p3t1
05291000,0.3624813941801741,0.7534719565594926,0.1346986921839308,0.5471013768471484,0.1172055447587152,0.4592259231439577,0.650350225934216,-11.170906151689035,-1.3059078130030966,18.046269750000405,p3t1
05362000,0.7063469043740438,1.4385553030488811,0.3261293723060656,0.9040594421168832,0.8967092281367435,0.862525565444117,0.9688208669577414,-0.593252408663021,0.4593345233466859,17.820757728332925,p3t1
05393500,0.8315242491184371,1.736253014737377,0.4386987582023568,0.6192429370404032,0.973462530321492,0.5595391726170085,0.7193127336066771,0.4027195980835721,1.5831321613778733,23.10986176833297,p3t2
05399500,0.9565461192535458,1.9632204163066005,0.220421818321009,0.6056811146154234,1.2729952531140656,0.590527526074632,0.7219146249091917,0.41863013869615,5.399682258720142,23.58458670833303,p3t2
05413500,0.4529995924875927,0.7846918535160481,-0.3017585284803403,0.9230078777095416,0.4228005714490824,0.980404658604478,0.959706594457502,-0.4363834494887077,-0.0490003981563455,20.23394575499988,p3t2
05444000,0.5400402188815377,1.4470123860457222,0.0241233782122586,0.3788910370567355,0.5025811586158103,0.3847614203048747,0.4837890096681904,0.1574540151407542,0.5486573865335534,22.15434784333338,p3t2
05454000,0.6498586813603988,2.2746344413496686,0.1724188809231573,0.2712158184641801,0.900925902801822,0.3075290921529438,0.4873944328694716,7.162545953823432,2.123041182920796,21.443956155000095,p3t1
05458000,0.7333542042052825,3.4164555037166964,-4.072802079546332,2.4466185357868326,1.2575487471675382,1.8669746108795608,1.2281823754753478,1.0243367529289011,1.5906815409593733,23.692707013332985,p3t1
05466500,0.7678357647469742,1.2596496189181534,0.2011536701981949,0.7560538095470345,0.5295543311273008,0.6184722803974027,0.7414599458481816,-2.273331175621113,0.0526095317976869,46.360300223333375,p3t2
05487980,0.7282168196398566,2.530389682807575,0.2974193902834271,0.4359492250078721,0.5873024837873936,0.4390199818600865,0.5359880132379926,-0.7740774044471883,0.312617718015483,30.324795251666607,p3t1
05488200,0.68833277363148,2.519598170895624,0.2876704731231286,0.4061808744842045,0.6225822474726064,0.3917308723800983,0.5129546163459084,0.9284765900421325,1.0066789288014482,25.116776623333376,p3t2
05489000,0.9022578034601086,2.371158323252166,0.1327059714978221,0.7102500159051017,0.7976431728890675,0.6891188485864956,0.8417160511499865,-8.350271156785235,0.6605837081537013,40.655213251667256,p3t2
05495000,0.8707066311963187,2.037426943856876,0.2189784997918922,0.5651443351429436,0.5274718597941034,0.4742287402047311,0.5568266492534532,-22.36057402409826,1.0220086905523924,32.32937968833333,p3t2
05503800,1.0020694565322872,3.4016015396315464,0.2695473863613807,0.5109861963335668,0.766492110618816,0.447271858501975,0.5092646196394293,-3.5844674471472087,7.699135828719153,28.9716711249998,p3t2
05507600,362.06155949674775,365.6109788715173,-10222.578548650998,13.9994216697028,-480.7480402187547,-1.1457477249409085,-48.12459816396593,-144048.00097395427,-10339.619729042504,30.136846209999444,p3t2
05508805,0.7098199271566681,2.702694520287606,0.2324378159277546,0.5785783635541649,0.5982194617181548,0.5089470241259552,0.548588749504067,-3.1139269082059338,0.7662164485680147,46.626270326666415,p3t2
05525500,0.779449480884047,1.700502442680466,0.244730973116931,0.7287325827280422,0.8322446812033971,0.7016712427193674,0.814924933621413,0.1159156645666949,0.6286522996149531,48.31305444166743,p3t1
05556500,0.7159005484198883,1.755631585582243,0.163757354866018,0.6117412837815878,0.8121580627719682,0.5947306049983084,0.6647609882194349,1.504819058902466,1.0232337143764945,43.44385571833409,p3t2
05584500,0.6658101589281049,1.5479404111172128,0.3423457836578339,0.5482612790235898,0.8553048144950514,0.5321956467520621,0.6388643061031439,2.2749207230670034,1.3451692054164703,37.25558738500016,p3t1
05591550,0.8482597435483079,1.9270171813673496,0.347189295362195,0.7067347600923288,0.6687721404777064,0.6784659782855367,0.856961894128553,-16.882667772275145,-0.0034444312656603,31.96730012333331,p3t2
05592050,0.8310091023898001,2.4438280700034984,0.2509735662948821,0.5381867037310366,0.6895352107669683,0.5298709991301124,0.7111542475445465,-20.01773009688348,0.2091343286663047,31.37605759166666,p3t2
05592575,0.9438757594258022,3.2337117889277955,0.2712863428274722,0.5628234891150483,0.6493010829453002,0.5717731754895585,0.6559937447620854,-56.34201543303265,0.018705316166001,60.84908715000008,p3t2
05593575,1.2488168304498048,3.5740919670950406,0.2368332329771701,0.7157916727776534,1.3270229854890858,0.6884358120095504,0.8118596948510274,12.536570059080493,8.079591423705814,28.178450143333368,p3t2
05593900,1.368584744597661,2.754313569601177,0.1750825666456575,0.6357118822053341,1.6423726138388728,0.6233398342627282,0.8538733836059832,18.915719892550506,9.812018062882432,57.659113618332775,p3t2
05595730,104.24457975072978,104.96166476835964,-436.3805982464049,2.2783041936429727,111.21270946816348,4.576935546112757,14.26996946042924,46980.56439043913,2275.892849595505,25.78418448333396,p3t1
06221400,310754.45310169697,333125.62922857865,-23701206065.53007,55465.61588945199,196904.6581013928,38471.77625565087,55749.04965054882,3017299.4068257376,1231145.3534459097,24.76743881833333,p3t1
06278300,0.8535565596714846,1.7014936895583348,0.7163249137966192,1.0231235434086043,0.7587219955468127,0.9049794889469376,1.046072447568665,-5.836430690216375,-0.1812420272251393,14.2224724,p3t2
06289000,0.2751967020809016,0.4038109264913979,0.7845605072108248,0.9635982063352028,0.8701071961166756,0.722764488949325,0.9104873809286552,0.0374115848638787,0.4327586279422282,12.739977568333355,p3t2
06291500,0.3026833624613147,0.52072089025409,0.4802786772080759,0.6015434008584634,0.9649627384690788,0.4932156280877527,0.6087518924037624,0.6839931403425383,1.6230796797766014,10.942090663333328,p3t1
06311000,0.5029959553071456,0.9663206095221268,0.4873180196274372,0.6141186293973593,0.397329152415506,0.4599598012744272,0.5736333903123793,-4.257842771194714,-0.5346866799546675,11.450423260000026,p3t1
06332515,0.0852694856296093,0.3311181632629545,0.0461521393918816,0.2802784493695233,0.5678983600755539,0.2527387561348038,0.4086501563834758,-23.982938239099926,9.110385179491066,13.98831716166666,p3t2
06344600,9.641008652241656,13.20384742499751,-1626.453379935455,27.70612638424352,169.49306082311867,10.955845879362649,39.06920887697551,5.463312698768944,1843.103510030492,11.800074801666655,p3t1
06350000,0.0418257775425574,0.2429168146487195,0.0620928201109978,0.1437443341801568,0.3276354772712621,0.1631942295184269,0.3114245385629895,-0.7836334796138731,0.0459339272792163,19.796400516666598,p3t1
06352000,1.673913359314376,2.226326095112207,-67.1883394100825,5.577475652347983,33.618941174834355,2.752792736645182,8.486115833979095,3.460212036951107,245.14623584415736,13.920543108333248,p3t2
06404000,0.1574149812911767,0.5701599495860049,0.2629842786176608,0.4673420089143938,0.4684120345073299,0.4636868710367863,0.4309212972683375,0.6205395405762676,0.6746324737050169,34.03374245999997,p3t1
06406000,0.1385701348938344,0.3055836214487046,0.0340957356225632,0.4654938112900513,0.8518315354411552,0.3668031232563655,0.6015692866980316,1.3139366001081196,1.1566579102300598,28.53191895666665,p3t2
06409000,1.196356430428163,1.2375969855040292,-87.5858145963691,2.469283152193338,7.58471396225181,2.386015717274725,3.3166432519487503,17.291462435126633,11.008834423308125,13.27755906166664,p3t2
06431500,0.1881901440467606,0.338714593474039,-0.7120694327106774,1.4667222152146953,0.9813754460891346,1.7679857800445686,1.3344518285258034,0.9010378677539256,0.972104618044222,14.402757375000023,p3t1
06440200,0.1154216468934162,0.6143551264444206,0.0573776029024011,0.1726890909816607,0.2025708912379661,0.1725422561368732,0.2269895756091975,-214.73754004230216,-2.271703608841268,17.14312090166665,p3t2
06447500,0.0616931514855355,0.1383702053882216,-0.0144311852687004,0.4797712932549713,0.8791242916354812,0.4421958820205552,0.705489581100189,0.6634841162085768,0.9750925315732032,15.62149149666681,p3t1
06470800,0.2695626137493195,0.7475488474219503,0.237975612491602,0.4129247365236227,0.7704901340355177,0.3899323717841221,0.5387763418065556,-29.71069697808965,4.331052379002103,12.51047549666667,p3t1
06477500,0.098589323043248,0.3583125265856355,0.1376705038999524,0.3128205236712703,0.5238058625702089,0.2999208659605527,0.4142144089262686,-33.72168653345682,4.83542646073067,31.095784623333262,p3t2
06479215,0.2972891609616831,0.947002218834146,-0.0565954465656768,0.3151521466069764,0.2184270177310017,0.1979265820162039,0.3644932604264186,-19.00300110908889,-1.0970470195541189,20.35414451000009,p3t1
06601000,0.3385608022231252,0.8360262570419965,0.0039358371693661,0.3311365004194689,0.2284877238270543,0.2787169759898225,0.3521745447626274,-0.5542150426663891,0.1291613414560515,25.478557653333212,p3t2
06622700,0.6400824777758999,1.4004803560263397,0.7191984125386169,0.9845719747597886,0.8904991400041394,0.9003304950136736,0.9751269371003468,-0.2864059712353385,-0.0227343891459128,12.449596143333476,p3t1
06623800,0.5143744131234418,1.0417649307284549,0.8464713878615622,0.9678587204565904,0.856193813895713,0.9353086089642736,0.9470785361799472,0.0521143715976965,0.1125485269196615,13.61591712999992,p3t1
06632400,0.8074441001233204,1.7515079355821634,0.5290028396983566,0.9021728713158936,0.9380560120530888,0.8167118030567486,0.9013221953842988,-0.1290967068369303,0.0041011713908997,9.50082017500002,p3t1
06746095,1.8038586370736456,3.5593309225387766,0.7245777656903631,0.8535458556572393,0.7060646282866666,0.8027197381562201,0.8446551339714923,-0.654108833263919,-0.1062451180185532,21.97917103,p3t1
06803530,0.2798624675610238,1.681693053883194,0.0876164246022931,0.1639235858508637,0.2451540548610971,0.1366209802620863,0.241990691080507,-1.3960496412081569,0.1761098644800117,22.747848569999768,p3t1
06814000,7.199598080795566,13.169448123357377,-34.24537992823282,5.09207489385599,13.27714969267485,2.1285071516802647,6.662213772750676,-2.4173480140041272,0.8328926434233275,11.443056631666696,p3t2
06847900,0.0171380087741098,0.1099103873521894,0.116035379376342,0.252084258661697,0.4698030103933654,0.281883775430103,0.4619201822388709,-0.9843160110589564,0.4576888025959014,16.47391199,p3t2
06853800,0.1448742488248734,0.5455172734188282,0.0932515812063449,0.3640902205739285,0.2802819100504328,0.3478926162897711,0.3971869635339533,-0.4952069252410307,-0.024612565025359,9.339941358333212,p3t1
06876700,0.2314525690351462,0.821321468264975,0.2906082870061346,0.3429439722498881,0.3346201613928229,0.3462199311463714,0.3801597271937138,-5.575131186708159,0.3345428112646215,10.063451366666657,p3t2
06878000,0.3530890305836504,1.2908479159938842,0.1990060973815485,0.2946069059722024,0.2991258129567407,0.2904968180789866,0.3402920870515413,-0.1891749978824449,0.0884788506048713,14.18713190666652,p3t2
06885500,0.6269941948825435,2.121376198498807,0.0765927271189611,0.9883914500780108,0.8059583250666648,0.94061899392074,0.9475177869667348,-3.580764804428239,0.4093391990530574,16.636619311666678,p3t2
06889200,0.939880039784836,3.2837950289097844,-0.3409850146276261,0.8855007506843566,1.2771479271128503,0.8993483225264896,0.937674289790184,2.6487600471907604,2.8256392809215303,12.4441261733334,p3t1
06889500,0.7249903897354254,2.602677087300481,0.0584761315710231,0.511830120255909,0.5373319032009455,0.3803136876054255,0.4380382356031139,-2.939997788069776,0.4442768620368437,14.134374784999816,p3t2
06903400,30.90139693450733,36.73223336886885,-109.11999012705176,5.775497753752796,36.51610997205792,2.965934986314654,6.9780753704771055,272.4753412085183,527.1232117086491,15.031995606666896,p3t2
06906800,21.375769179455844,26.79650553505337,-34.30094048410178,4.781900068367783,14.36381006802551,1.676689545240048,4.750697806383344,-222.958190937171,63.95805871463284,15.169863294999717,p3t2
06910800,68.75085445897601,69.26255226323688,-478.0444916616573,2.513803567535079,108.69245227856338,4.65855255131851,14.988387810251588,10268.17565702852,1234.350391985756,12.559425696666583,p3t2
06911900,0.8080598228682991,3.2973215121645016,0.0730746087361596,0.2572261367054423,0.5098956421590738,0.1941414297622967,0.4064167275135665,-54.770519365451946,1.7362408718991411,20.790963198333337,p3t2
06917000,1.173915605747207,3.1580018453059027,0.1463776451390147,0.3378130192478903,-0.0780328200728531,0.2254816357670444,0.2654560946709495,-67.2217337781145,-1.5645457888605974,14.6813334416666,p3t1
06918460,129.0180997170968,166.089242395358,-4475.458026829202,42.33478090254728,111.89985251502809,17.5755127073184,42.363391984155534,2.104011876241346,342.10434460286547,12.651306560000132,p3t2
06919500,1.2307394958094555,3.0688819603081923,-0.1531591547523463,0.9824252120543489,1.1590501574162988,0.9663061645905808,1.1657875316712352,-5.515308543244997,0.4367377838005875,17.78101254000018,p3t1
06921200,1.3955264228660789,4.19422966288212,-0.0854960020123229,0.7373488187883253,0.7039144795191536,0.7835142918181833,0.9400706121864922,-11.26077625536018,-0.3518605253887548,12.459302533333052,p3t2
07057500,0.8117692064032175,1.851694205309753,-0.1706299344034181,0.7091854279746622,0.446620019818745,0.7835615051352545,0.5763538068881049,0.3557749853199517,0.3745988273422617,19.49096955999994,p3t1
07060710,0.7659825353300896,2.2950269336579368,-0.1394865092896404,0.8182989908029586,0.6872417950939123,0.8522184571211695,0.85376887300031,-0.7176499933227857,0.2255032014088168,14.823345626667043,p3t1
07066000,0.7787205034840035,2.068003870602514,0.1276438025572547,0.5998952744620348,0.5722421432320572,0.6524522870629568,0.5705413970623772,0.4285454938735455,0.6093696648324084,16.98303885333347,p3t1
07142300,0.0517073517729215,0.1574301161085397,-0.0552786918734067,0.3404344272826944,0.1815278866937897,0.1851386923690029,0.3020472917392174,-9.752212881198504,0.3571913975103469,15.1499432233332,p3t2
07145700,384.3679889672397,385.3079535837436,-27453.97532771652,11.511425123385518,-768.8278534086211,-21.70114043469376,-91.301638403601,-24320.67981902129,-8125.771019882359,9.968642388333684,p3t2
07167500,1.2971204035392765,3.929130579556247,0.1274734078391178,0.4077686170843332,1.543139812370803,0.4339255465826525,0.871523607469858,-43.14016707725101,10.119205232917352,11.063097831666528,p3t2
07180500,0.7915667135294643,2.31665150634082,0.2101978516693519,0.3896641573984663,0.9629635816336548,0.327378936723449,0.6082324356731139,-3.6554552670914826,2.583358738020125,11.32847916000028,p3t2
07184000,1.5637824169216952,6.142128738067435,-0.2254240513292453,0.6705789902844884,1.0803935680647194,0.8275399979981946,0.948863632595613,-11.727257297636337,1.384020247095513,11.751293870000032,p3t1
07196900,1.3822096898519196,3.968298199086624,0.1765399251400691,0.3844532686344085,0.8506676512322777,0.3539425597401272,0.5670022981748966,-1.546006255494077,1.856841373613954,12.994260655000108,p3t2
07197000,1.1392620518255905,3.0908288394981454,-0.1298264626316168,0.8696891169226758,0.6406580494390116,0.9184771474313376,0.7892679943440283,0.2503990089407508,0.4476853923475096,11.8231037833335,p3t1
07208500,0.2769868988519103,0.4367045556807274,-0.0887067800327159,0.5480986155965389,0.0895495565822967,0.1998693385554158,0.3294768615225192,-4.423159266708647,-0.0652145888036986,13.27651227999983,p3t1
07261000,1.3575790549922249,2.9779486919425797,0.0440035556054914,0.7467481579428442,0.6387415936545476,0.704365255517865,0.7370343499874933,-6.421184750201133,0.2526308794311531,13.955264231666904,p3t1
07263295,1.231937909099169,2.738646585153634,0.3205168598775135,0.5873481685525,0.8422551279844004,0.4983856723382551,0.7180986873134969,-39.20020356417253,1.289196572759514,14.706413310000304,p3t1
07291000,1.2769874647874966,3.989737011411321,0.241603541791193,0.5271985213678902,0.4678132043311855,0.5213556059279536,0.5816037323553644,-0.4142463673276675,0.0449933834540437,22.34423620333333,p3t1
07301410,0.0422209713728157,0.0971961599932867,0.0564176030894753,0.4986106214264842,0.4418117370160974,0.5685362480001662,0.6102185500481871,0.1857891650614441,0.2363017328407355,10.882874195000234,p3t2
07315200,0.2750823423033924,1.6830793633692265,0.0918564468275903,0.1477260214607088,0.4273752151529424,0.1616904236742888,0.2856160170773008,-230.9265020659037,26.96540347973453,12.752552971666834,p3t2
07315700,0.4321478906096405,2.047920206342876,0.1678154931348697,0.2632234633062092,0.4782575755313906,0.3013333269270185,0.4167278386101945,-4.81156836648519,0.2170526157701515,10.541374676666845,p3t1
07335700,2.441733254827584,7.375569777352167,-0.1578212931331264,0.9760021475893164,0.9294551301782196,1.0099216114779177,1.0170891221495644,0.3306395491021415,0.7864085585642889,11.941518048333334,p3t2
07346045,0.8428425325971637,1.4197635681143663,0.2353000758964912,0.6485771109894474,1.172867260752411,0.6810339040751298,0.7968418825508721,7.755828454520491,1.996067588567552,8.959168721666599,p3t1
07359610,1.4455739568175778,4.975350012884459,0.133879343132371,0.5419267294102948,0.938239415466425,0.6003911927826371,0.8360364849389389,0.5414603750795585,0.9844669998858354,13.056147458333331,p3t1
07362100,1.0776069727304058,3.0234841848599987,0.1992872810976551,0.5375091569536756,1.0596106009814783,0.5973715119600246,0.7708806390626997,2.169259272670036,2.508083955453628,19.159549425000023,p3t1
07362587,128.82538737139765,131.37242492524356,-432.0581422313997,4.061149182176328,75.5528273730223,4.670426967134427,12.663520704978035,8452.492328844124,550.1222617772917,14.82166977166659,p3t2
08013000,1.3872167757825464,2.782922312140994,0.3680485764685172,0.664979862210981,0.6684406139509844,0.6286523435635493,0.6979861397466921,-5.627890516144816,0.938689038400656,15.045102683333363,p3t2
08014500,0.974093036754514,2.453003667463632,0.1510086182504623,0.7231181234508718,0.7625397282050208,0.6736791201970931,0.6431267706958517,1.0327596198652962,1.1508227053072488,10.519321114999912,p3t2
08023080,1.959706405009408,5.016358384485593,-0.2907798756796109,0.9341762450087716,1.28331619898854,0.9130692265639344,1.1571483104264473,-33.143287395695715,1.0682035263046563,12.724759970000012,p3t2
08050800,0.699709762516312,3.939650456986562,0.1041984377631811,0.23688862871735,0.3200245944956416,0.2491154795556244,0.2746861713477646,-inf,1.136833005990783,9.418237133333362,p3t1
08066200,61.72516346680262,62.450921162116686,-129.7100172655657,1.6133374094879989,57.54660640817488,2.420185604588211,7.77909208083625,2473.222970191948,556.6869899398364,12.380847688333596,p3t2
08066300,1.1929758264058494,3.1402865818336694,-0.3712563827729873,0.7936362450939011,1.3804714084923202,0.9656682705157396,1.015868557990685,3.6973286879128526,2.71530137907048,9.566171488333689,p3t1
08070000,32.218363000107466,45.37528787847097,-159.56261640526031,9.013345448693476,35.787643033213286,4.242503798840257,10.730707433027764,8.766489346807111,128.84104646393402,15.26412532999966,p3t2
08070200,0.7776233555735835,2.733049778039484,0.1983909096506871,0.3157107647258356,0.8544327783638833,0.3477227166156553,0.4957825604650837,0.7780712313305985,2.4512281565778054,9.434282065000057,p3t2
08086212,28.435436496134734,44.10732639094427,-1696.242887501556,31.84086371995644,231.29851390980997,16.369730945688524,67.06159404313546,-1906.0367436612453,95.99927869774912,12.087992033333284,p3t2
08086290,6.62245485063368,13.649486925139852,-181.19486057521067,11.84772115695795,51.28038265128059,6.305872469662578,25.60878415822132,-1411.2458347725324,1.6939489832431989,12.58880846999964,p3t2
08101000,29.66973888533583,33.621247226291736,-369.85937899331566,9.11685992001421,93.70914512487236,5.039686511129556,16.441530900962032,3071.489987774178,1383.4122461598913,9.95320551666664,p3t2
08103900,0.3939072127047207,1.303903806077722,0.1552730645694046,0.4458216572275967,0.5099962499426651,0.463127320284547,0.427213534686611,-inf,3.415727128352439,9.072799051667,p3t2
08104900,0.5388995619543592,1.5835754521813838,0.2013271553757416,0.5778980136554243,0.2800830350845861,0.576317476172195,0.6538303537530945,-59.007155444229525,-0.756487688514967,12.897423235000073,p3t2
08109700,1755.110843031027,1881.4550485257107,-2064909.4533914763,517.758726686869,6177.488330556988,280.83234510709985,909.6605378331165,287067.25036363915,55012.25314547917,11.003913291666928,p3t2
08150800,0.1289441838139559,0.9356250044860466,0.0123391369355114,0.4956355134501901,0.6105965497812413,0.8010647271142254,0.8277123666330406,-5.59100228061252,-0.122898811407566,10.987903265000204,p3t1
08158810,134.03343490180325,438.2105628828477,-36448.31362234214,181.8277035416866,252.1641702002881,152.78993979270365,358.0864837064784,118.98202245866028,18.00899556348804,9.441078523333514,p3t2
08164300,208.04948836086643,685.7783593081328,-52241.62928893627,217.85864347893173,391.6888964965539,140.5328527691182,444.1991804316298,-5.193023514770402,1.425600584900237,10.94095471833328,p3t1
08164600,0.8318559430363824,4.026832848155895,0.3230175158362297,0.6119710269658706,0.8739809754620993,0.627397894774965,0.7639582918349074,-9.32892987885884,2.9928114776935346,11.605043486666789,p3t2
08165300,0.1492562595321336,0.911452199476926,-0.3328043143245123,1.0507041858484505,1.054594321288174,1.4226548358698774,1.1532154919531252,1.2154462963283217,1.089365656731479,8.302103891666047,p3t2
08171300,0.5798496608823899,2.542236470419967,-0.9362767136524804,1.4345301743041887,0.8165594680931526,1.8134090681751664,1.2428859090993012,-3.457537392978762,-0.0595096374585757,10.390145841666769,p3t1
08175000,0.5290334930941701,1.960712565527502,-0.0623509696974773,0.6850173802798171,0.7377206776140032,0.5314680405658772,0.7019559208683176,-58.45169403169012,8.044386016351837,15.934615624999669,p3t2
08176900,0.3594581387089619,1.8918687690667904,0.0703244342437087,0.2143566195194352,0.7879088833719806,0.1951614053083391,0.4404438579638593,-21.0466627957317,5.7533756882762335,12.013569099999344,p3t2
08178880,243.07107652599944,275.4775626428422,-47682.64592417554,102.86620247223615,616.101627636178,57.55149053610384,150.68619918330276,1220.4196120115605,1755.984453944115,10.453605026667356,p3t2
08189500,0.2897412213169569,1.1967083321200258,0.0321807169270852,0.8399167659094239,0.5072472705521843,0.6657822842764971,0.8367285954545167,-38.17693337898779,-1.341354472733191,16.701029901666335,p3t2
08190000,0.2095587296859647,1.1716690627079671,0.2224559128245634,0.5503349623047542,0.7480491660106827,0.8800580470675359,0.9207503257990394,0.1818103263525841,0.389049609735305,10.874423893333493,p3t2
08190500,4.134455717466712,7.612162960809152,-48.59438150166665,5.912554522505852,65.05943709669774,5.631611404507575,24.914910820042525,0.8258950559655546,17.215128624390584,9.696830141666576,p3t2
08194200,0.1066898878577432,0.2690376627144487,0.1490661605630366,0.94089857895365,1.2817404401911732,1.144121015281037,1.8320992423578448,-inf,-inf,9.277086119999876,p3t2
08198500,75.25208425528517,78.40815679372629,-3557.4061761273083,16.773857985004284,443.7586703347553,17.967194184013508,54.83948724312207,20389.16923428644,13310.843188204422,8.92249475500042,p3t2
08202700,0.2341881103594428,1.5506309248961083,-0.5115821522362427,0.4662644407546015,-1.1277272461504784,0.9327153556508856,1.5307752433055886,-inf,-inf,10.224067071667134,p3t1
08267500,0.4898380409822817,0.7338699974042133,0.6743156171348135,0.8685258580110485,0.7066778679366956,0.7029953521292517,0.8219939632292641,-0.0029935155194931,0.2278335258553623,9.647429669999594,p3t2
08269000,0.2467419591602297,0.4938690949566658,0.554438615113628,0.6761662580551696,0.7207935265402986,0.5797694622508577,0.6912397866323226,0.1380747803760268,0.5612748823115128,10.696810846666146,p3t1
08271000,0.4264596896267907,0.785522741877857,0.7620552781964547,0.7989473864275546,0.8508672770108872,0.7267691162836627,0.8179411110692214,0.9552484374794264,0.7824735249668475,9.150255961666698,p3t1
08324000,0.0953161304451694,0.1679750781191964,0.4754900716005932,0.5736248924338853,0.7720093922227717,0.5756501939471296,0.5712820114087267,0.4351980717163161,1.1772360540138458,8.383170465000633,p3t1
08377900,0.4007920105038877,0.7721501550615644,0.6249627498949436,0.63818548810629,0.7559666078444582,0.5654977017137703,0.6579603223376801,0.1050011177704595,0.7633494451675461,9.44933000500023,p3t1
08378500,0.3065329204006506,0.5771133609726488,0.6092112984889333,0.6388891149514907,0.606736458683929,0.5605768454054783,0.6468851951344015,0.0154610823288827,0.3664426537574741,12.371400266666509,p3t1
08380500,646979.9907044774,705433.396388954,-1200417421089.7092,436686.5895504424,2003770.591138533,229453.9054102673,508876.14116112905,6877187.617895892,6201036.7178092,20.705540486666724,p3t2
09035900,0.3433343390800648,0.6853482619868603,0.8696286662771047,0.8773482519665387,0.860439431483281,0.7174632080133714,0.8760167936167305,0.002794255975511,0.1637361596892959,6.500530948333714,p3t2
09066000,0.5694332035990368,1.188323128891288,0.7953371584455378,0.7631925524463583,0.6125398024598321,0.7322855451006303,0.748437591030536,-0.7507720874521014,-0.000132629059952,4.923131100000076,p3t1
09066300,0.4781266216087269,1.072442897543583,0.6646589320997245,0.6393663194751654,0.5375784851073414,0.5868310324405558,0.6366728033579462,-1.1777518210622673,0.0010360831567254,11.065390711666744,p3t1
09081600,0.510017736635576,0.8935342326368639,0.8799289901449328,0.9672159928058032,0.9066203682007477,0.8445136316807993,0.9628424225695058,0.1109868371540559,0.60161800436536,7.021780175000701,p3t1
09107000,4.0066805526018365,5.97690452030198,-24.87709365475924,4.021507535222962,5.969876229463553,1.985646829694543,2.8486476424518914,0.22651191554892,5.219632510155111,6.565938151666584,p3t1
09210500,0.2808138693416907,0.5601648936626011,-0.0302669386387055,0.7206855068298369,0.4122122461381809,0.4735424083708112,0.5713907758504398,-1.0670296117460885,0.0370855256254586,8.305606621666811,p3t1
09223000,0.3234370801561191,0.7380729632059294,0.6354992341054265,0.7157640074604882,0.7581225295405646,0.6318974722891506,0.7286919495719659,0.067163499590868,0.6254985436866237,7.291696708333135,p3t2
09306242,0.0900567229324127,0.1486255128394879,-1.3965428878701256,1.2105423759768552,1.6625743093428187,0.5178661280518725,1.0399501168634244,-0.9873611099204574,0.9130109406620072,8.122277674999593,p3t2
09312600,0.1946632887366178,0.3978134529615695,0.6275370679998666,0.5733377885496249,0.4513284871089091,0.5368511282041867,0.5664717654606389,-1.367478124796181,-0.0865012784016392,7.412880356667059,p3t1
09378170,0.1767712955354697,0.5551971548275149,-0.1017963328990054,0.0,0.1045329483268626,0.0066770433290835,0.0146090484765625,2.0420805824643677,1.14855137128919,3.2189814866675683,p3t2
09386900,0.1144564981558465,0.4993583350914966,-0.0191417965937878,0.0747623156701504,0.247240428691663,0.0378390358990724,0.0880120672385814,-10.129297567646692,10.839350726355756,11.104958660000314,p3t1
09404450,0.0820227403408207,0.1446088942129209,0.447640467859594,0.829159947633172,0.777985649116759,0.817897969870985,0.8537106998204058,0.5942790697728675,0.6574828966763161,10.248358464999669,p3t1
09430600,0.4892248702687951,1.249445085398225,0.1088168138925189,0.6635006625432951,0.7167454540605429,0.7795379050559829,0.6624991479430108,-2.9008012152649645,1.578542112093087,11.55264821833407,p3t2
09447800,0.0500043005562809,0.6000567540137312,0.0220089594966292,0.0361272777361441,0.1595427684025165,0.0646992640566533,0.1017543922373532,0.1141740415735334,0.3650164392256976,9.012119581666775,p3t1
09484600,0.0193988795518079,0.0559930364551155,0.0645958631598108,0.5516197129907275,0.4793185041649266,0.4410601299608797,0.7358212435856437,-14.241531165577834,-0.061526691681768,15.22450063499952,p3t2
09494000,0.206776874364232,0.4426248109392594,0.1723708289218593,0.2838920706794199,0.5141916182992277,0.2869616233264543,0.3262617901142461,0.7126557187305415,1.115486890669614,10.94842194999995,p3t2
09497980,11.056953324943953,11.935699165172204,-319.0638285317693,6.765609888178239,70.17227411553817,4.005043453521721,11.814167101535984,459.87900902017753,494.4077376355117,9.598556448332966,p3t2
09505350,0.4096622797624754,1.4998353249237295,0.2262584199431861,0.4062686818290786,0.1475411931199923,0.4811079573584695,0.5094274331870084,-inf,-inf,11.067768208333291,p3t2
09505800,0.2417656598549898,1.250349359861144,-0.0306268872350869,0.3061727107959168,0.4625843723210063,0.3916530919032159,0.4120868136150886,-3.2670674420456267,0.9681047063417608,9.65004514833272,p3t2
09508300,0.569396644140026,2.3834308847679417,0.2455539208702707,0.727072780921443,1.09305947963784,0.7339398901837518,0.9667486686066248,-172.5113896430899,3.553759992980716,8.464969781666877,p3t1
10234500,0.255429359409603,0.4224215161862413,0.6230553209010838,1.2172024673058528,1.09670263965548,1.1782872244843925,1.2157057844760102,0.0271118305950681,1.4612186330150712,7.852060856667231,p3t1
10244950,0.221334062838201,0.3578909121101931,0.2040011269938602,1.1835677963049114,1.3559287837631444,1.207070704649451,1.2219970953467845,2.19320579191116,1.5395557396949655,8.098512796666666,p3t2
10336660,1.8072512640878,3.965901347275631,0.6033099526573866,0.7626627629680134,0.8161966108159816,0.7180846678829886,0.8944955978909654,-3.3351748865468256,1.308395830807431,10.893382393333985,p3t2
11124500,0.4047928346105466,1.3266927044982582,0.3140790744880252,0.4427209119786875,0.3405519992409848,0.4633980048251521,0.403002480881637,-11.502933981944231,-7.863561696549033e-05,6.520314715001344,p3t2
11141280,0.3987330608605417,1.0401976050172428,0.3290380478094825,0.4807151898912518,0.4790085622766777,0.4813375437711915,0.4847967611382819,-0.0821663047354676,0.1730038554730327,8.75830713499842,p3t2
11148900,30.637677789233813,37.96582831772674,-54.631516755002686,4.482277842232656,27.729954169502054,2.0555870572311323,5.664120109048578,inf,1884.5903977427504,12.422717863334888,p3t2
11151300,0.2027398041035191,0.7738345846638323,-0.6791973331807406,0.7333091471652234,0.0319031820953223,0.3868615227771334,0.7773053738713223,-355.2571809949237,-1.6478648630605053,11.104120108333882,p3t1
11176400,0.3237747115258222,1.3756536158397206,0.2238663370533252,0.2970671859417608,0.4870286721991535,0.3071595121521795,0.4227098615734756,-inf,2.317417054618414,11.746747908333782,p3t1
11264500,1.005589161616628,1.8248211641109624,0.70262080159684,0.9979097954766812,1.0371244839500409,0.9257056617114656,1.0339655847555185,1.3493320743387274,0.954662700313217,14.871619633332982,p3t1
11266500,1.0207206233751716,1.9224653850804647,0.6774921932399224,0.9029652243413084,1.0471569636963045,0.7964445126773326,0.9582661480981,2.052166342724619,1.180492695437963,11.218038311666652,p3t1
11284400,0.640332378370432,2.6822665287184275,0.2105734305741461,0.2896948226034613,0.5667165928630938,0.2919408554771693,0.4202346357852531,-inf,4.620851932543172,14.522255776667349,p3t1
11451100,1.5357115946024695,5.053944827519377,0.3408158930070407,0.799302394602269,0.8253077011282833,0.7515912969068416,0.7819941556869663,-7.923307817037887,1.3118553942403877,9.069301445000262,p3t2
11468500,1.295988526217275,3.96838554908034,0.4734801331203438,0.8924531701962767,1.0470810301427649,0.9000329328471829,1.0558793033263758,-1.032621793077654,0.3917951205967619,15.047921818331815,p3t2
11473900,1.803570289805311,4.931738623627713,-0.2364384532525525,1.3832497824171228,1.4261329666457998,1.4383655239460895,1.5661383415232908,6.273896633337358,2.035208716714424,11.12515671000001,p3t2
11475560,3.4013209450505504,9.27277328398943,0.0864332355711012,1.232733478054544,1.349020786575983,1.2748662602831211,1.4901852766014971,-0.7773543876212942,0.2767558278167822,13.563866211666028,p3t1
11476600,2.649367475102644,5.847236447634817,0.5115279618335913,0.9388696517931652,1.137731705978017,0.8353344467510807,1.0819694491498644,-3.112168507413485,0.5597727471887435,11.36778999333231,p3t2
11478500,108.49441314044353,114.04114329274807,-183.79476099531,4.19946394141897,31.402124287296196,2.811403358964116,6.154256327206926,1521.2357162346195,220.8333899276302,16.84065411166715,p3t1
11480390,97.6336198625736,99.7502905718705,-243.34459747347287,3.09929806747969,40.960344355123645,3.0314047348125137,6.8494746194230585,10774.035621644654,388.4459537956974,12.852948413333312,p3t1
11481200,83.13551941289703,84.9384038969562,-156.25409412706344,2.462187702868908,27.707137398697213,2.651269659937413,5.384420851650301,543.02604704098,124.59747932836709,147.95029701499928,p3t1
11482500,1.9388941933763983,4.7819050782896575,0.3880184874162665,1.0832411791905785,1.1146360682350838,1.0960273048605935,1.1585619818415394,0.590931997647571,1.0989026814997631,18.90052262833342,p3t2
11523200,166.1305017561343,251.97840905465287,-3167.1388777796465,42.570112617301525,66.45589405603995,16.946511762263157,31.957410822654737,3.785265671874354,9.435254425448814,18.408172588331706,p3t1
11528700,1.0288446706539196,2.464630667331715,0.5629929339934387,0.7890210308634918,1.1243799137887962,0.7210548863756138,0.9312237541823828,0.3576198170217585,1.6425091774682083,17.796925076665744,p3t2
11532500,3.0910109734666418,7.48687081802212,0.3943790593008159,1.0841566025291554,0.9957911181697588,1.0728101626084745,1.0609002055514918,0.3406993848459943,0.7832224702012169,9.47660138666591,p3t1
12010000,4.009221498224952,8.971837855666706,0.454586956083954,0.981655374992354,0.9382223408229504,0.9190093166703464,1.0471324755611424,0.3523442332656551,0.6123472752732328,7.678081345000343,p3t1
12013500,2.8915992235917662,6.210580747264902,0.3897747762972247,1.0947636178789353,1.1065486259443522,0.98300930289187,1.1649814308497248,0.4818155950387254,0.7324334714023805,11.718577938333814,p3t1
12020000,2.255813083850363,5.22240930760108,0.6828953310172051,0.9925885923144198,1.0553109386545654,0.9780394751222184,1.064366740323427,0.809888143705787,0.9758904727451528,14.92445364499969,p3t2
12025700,257.61195164929586,425.7733684696161,-3465.8761863680784,47.07109410285421,56.0200029356572,18.435768490301797,35.16326906511392,2.0511717595060843,2.8326273144019045,15.305790341666825,p3t2
12041200,5.597805325048854,12.143452122072228,-0.0939572672656361,1.2377339259236937,1.0168084939113706,1.131721235609571,1.240297931476314,0.2588758341090001,0.6515869873371681,12.301638908333068,p3t1
12048000,1.1760997708745036,2.023148617806001,0.2211750750229256,0.6262119296183687,0.6334930445013023,0.5875356839033681,0.6229761158059132,0.4481523101805142,0.5633034215118609,11.329042631667107,p3t1
12054000,3.2381067953019858,5.520309625685827,0.324363853226334,0.9798234383453952,1.0421489562934758,0.8984176565210582,1.0001903507066037,0.6842939715064499,0.9663888240483842,13.611466539999432,p3t2
12056500,4.17427021244092,8.72746245641094,0.3713354218983767,0.9102079888292396,0.9820210637816637,0.8864994220999192,0.9478360538902824,1.0808175780821947,0.9867814066878606,7.915698288333563,p3t1
12073500,0.841186084542939,1.9983217476076187,0.4573575020786763,0.4534555633224381,0.9222290807719208,0.4636208389772692,0.5771561300303567,1.6544482219241243,1.7106676163417025,12.457747155000106,p3t1
12082500,2.9655265793879635,4.573451224844853,0.2453455847505226,0.9507783585914132,1.2740923416125225,0.845322523837048,1.085121188015841,1.0872212327615058,1.3262883187875585,13.23758129166672,p3t2
12092000,143.0654651788616,145.5221842133179,-1178.7440395557903,6.2809565287454205,31.43622753437562,6.429286970973209,11.972217346098802,69.94137585147782,43.144568081192666,14.20664605833299,p3t2
12114500,12.38937877435042,22.322019021237995,-8.522377683857393,2.723844491935989,2.7431967507114328,1.533110279654669,2.680428836059455,1.5091057432529666,1.3097180625212288,15.526923120000475,p3t2
12115000,2.9583423310900425,6.111954876590316,0.3498103436891046,0.865418603522536,0.8901543358757409,0.8539569299619272,0.9781284362722878,0.6813915464178447,0.6777075459136486,13.238566051666082,p3t1
12143600,3.031800448714023,6.600622301710312,0.3182363356752266,0.9209349182268536,0.9771601133858806,0.9409066643539016,0.9952246939631864,1.299172277999718,0.8507396688424271,25.16066214333308,p3t2
12144000,3.1086016145530166,5.570706502714748,0.3269376524090323,1.0244152214872424,1.001577077311219,0.9107890116732944,1.1040693389136258,0.5982632178589185,0.7792118904924681,16.23262379166651,p3t2
12147500,3.2161070069937,6.387511455941417,0.5078441598739523,0.7463169191409935,0.8073037134755783,0.703685397155499,0.7765895309559163,0.7075976627245403,0.7498545341343827,27.632068153333,p3t2
12167000,3.207397368283481,6.814330929773433,0.4606869950355305,0.7014043165073074,0.8386761546732504,0.6150079852418142,0.7476980173361009,0.4810886129971536,0.786544538593836,21.469527656666468,p3t2
12175500,2.272724178303116,3.95771883490916,0.4086654501279609,0.802434247067379,0.6797118526591641,0.6554944102981995,0.7656991728975928,0.0715627982151682,0.4554853798760521,13.230514343333198,p3t2
12178100,2147.0778531984893,2283.2521314134688,-138497.47069976613,126.76129283555407,377.7686499479511,75.13337845828147,132.6830511435019,1047.0062051755265,685.1085987481262,910.4742726983328,p3t1
12186000,23.79564183343505,41.65409074720932,-32.460023161816125,5.104673038515101,4.065484723375898,3.285984024996737,4.882038956513751,0.2309254129745031,1.8553812284123925,108.64779601833337,p3t2
12189500,68.13654814672269,72.24920802248297,-183.8743868370275,4.834134919810958,13.760134662193945,3.07179387933114,5.310806209017494,32.46451366038967,22.32910486362991,31.75563678166752,p3t2
12375900,1.799659608756813,3.3850716407714674,-0.3177359521590843,1.7231709693435175,0.9255719801376672,1.850487541101666,1.5847788919018078,-0.7169334105628106,-0.1233570224151982,24.557635050001167,p3t1
12377150,1.518722219918071,2.5849799040617434,0.7152491098537916,1.0712659049599165,0.8759752704403401,0.9709763292796584,1.047836617017684,-0.3890383259109866,0.4565567427330692,13.16967246333176,p3t2
12381400,75.83595732247613,160.32419339100954,-10879.539052144117,91.98779879151972,78.69376362672931,41.62950082217552,75.80012909003969,0.0074520444512863,1.0251515440255596,7.024221296666656,p3t1
12383500,87063.54929840066,184271.3876892764,-27587605162.09978,146387.19239953204,73439.9350532248,67534.94228753418,103379.8247991417,0.9923917026532568,2.176784681310943,11.45752319166592,p3t1
12390700,0.832265846337479,1.286733870200424,0.3202392184857332,1.0008596415678082,0.6933198529209412,0.9498360906097956,0.8957993061725985,-4.6143297310665226,0.7143105745946141,11.353021518333115,p3t1
12411000,1.6203338569097128,3.1847185592053595,-0.2250309580225826,0.7646037806878343,0.3349378997350414,0.443519089310437,0.5219621274279074,-5.598483729279428,0.1746562346080625,11.734727031665775,p3t1
12447390,1.3655024376883047,3.0641970997906416,-0.2471763105935123,0.0,0.0505974479396778,0.005593913597878,0.0086463796850004,0.7816353827348536,0.3562375700483635,5.93849027333393,p3t2
12451000,1.862542454004884,3.08963029150552,0.5671979346693193,1.1416025758265589,0.8034324435655217,1.0355776232557914,1.1404266272921042,0.0774620614434411,0.3265345479184983,6.737858405001074,p3t1
12488500,1.3874869724785817,2.2815822481114254,0.5292639284422092,1.0761909798645517,0.9759221914231938,1.0946868792575517,1.0662535786002971,0.6406163454089718,0.9105944706712392,12.60827502333171,p3t2
13011500,0.490236350948953,1.1107187385312292,0.8894557021628264,0.9251070006629248,0.8991728331651595,0.8687737196468047,0.938708985197135,0.3721971194116155,0.6545949533559949,8.734093200000158,p3t2
13011900,0.5403860805286578,0.8206652706172783,0.8876755584955793,1.069394671188486,0.8053724062647977,1.033635971752905,1.026614886525122,-0.1843694550818964,-0.0530641545429584,9.622431280000212,p3t1
13018300,0.5924931360004551,0.91057122503466,0.6409881013794265,0.7552509362374742,0.4548894392814517,0.7561665504542617,0.6597669805547639,-0.7051743624126435,0.0966482993803199,31.80848293166685,p3t2
13161500,0.1585386166860245,0.3881990641554055,-0.2455254679906873,0.7776460594611097,0.5254258379853397,0.6666673230876288,0.5733727836580947,-1.845147257505284,0.6605393374945744,13.618208181665976,p3t2
13235000,0.6179184107065686,0.9826315030488926,0.7810297892302478,1.1257563163075326,0.9262772273484032,1.0512666511407498,1.0862655144257825,0.2022477975537062,0.5205159700352504,13.962074980000034,p3t1
13240000,0.9713176010423294,1.902943618652902,0.8376938801243186,0.9875859154957578,0.8747664990923912,1.0007703423779637,0.96726574926153,0.2267053465670574,0.7853058636544615,26.990938686666777,p3t2
13313000,0.6142922696581176,1.1206370972004542,0.7943684878043273,1.0975617040832748,0.9233507792988512,1.0945287530403751,1.0499349517886385,0.0467192429815853,0.1783245080611431,19.101520388332816,p3t2
14020000,403689.7538816571,465396.16994947934,-40576747324.25277,100233.48752413128,272889.31122145086,44822.96680776251,82459.02985896487,1386717.1816852633,1092378.921762046,17.150297859999895,p3t2
14137000,2.4062852332696267,4.737808563531896,0.2783337859705559,1.0979927952767885,1.1813038734524597,0.9637065414375432,1.208990842204405,0.8872974357806441,1.008728552985355,22.866260848334058,p3t2
14138800,89.88976829621657,126.7440565839472,-137.1995658530791,8.504281346821,14.240023493900289,3.47710751208297,6.422931331436013,3.989331649078062,20.357915619707168,14.7489964050008,p3t2
14138870,91.4797679533423,129.3589998107436,-249.2616621149957,11.445451918646627,15.502234494130848,4.67105926456866,8.05998784583171,2.783577565986955,17.025005317294465,13.820639111668182,p3t2
14139800,2194.8166679034657,2536.316177213321,-71834.0992112818,134.58282623800878,314.6298546164129,57.27890378584538,109.41028713126536,696.0661342588081,742.147389497352,14.236204051666816,p3t2
14154500,2.04766429492662,3.887273047826528,0.2342759580560346,0.9631064217475254,1.143998259651794,0.8351382585072349,1.0186611244442658,0.08936958641154,1.3784633015192505,11.19097940499972,p3t2
14158790,3.057002150679273,6.110208979154863,0.395213636905986,0.527588875322551,0.8468211840636012,0.4939383891972435,0.5992736837143128,3.908930962247239,1.2787359797194724,14.894634288334055,p3t2
14166500,2.0094817349181544,4.077594013925927,0.1262067697245469,1.3275882427504049,1.575991391334653,1.1635545565443377,1.4929805794753812,0.7933920756480692,1.6709948541535156,12.394497740000952,p3t2
14182500,632.83829719342,699.7108303137992,-5444.43529944811,31.87803670171512,107.69966515627574,16.095359782654562,32.2525421851966,762.4622391191082,247.02226717920664,12.2245395216664,p3t1
14185000,4.199628594905505,7.813399645691512,-0.3898918183416651,0.0,0.0707341185016378,0.0088490963279059,0.0172991906225946,0.9264557590114604,0.1367424748726843,7.12451388000045,p3t2
14185900,252.49965865767876,416.26953563225146,-2002.10262389978,35.87754561485617,42.08824933916759,14.016786523240222,26.15093971895078,2.63276685015588,1.63046670976628,11.568173751665745,p3t2
14187000,18.18147267858008,27.829287252835567,-23.200784454437397,4.010161621331728,5.495108098345391,1.815697746880473,3.133482772090551,2.382077014188495,1.9699996387938776,10.182039586666118,p3t1
14216500,2.8597668975481647,5.869085023439788,0.4108953456943499,0.7892845098131045,0.9131951584500664,0.6801293940081231,0.8684378144581901,0.4254184651575682,0.9436309120727796,11.852873090000744,p3t2
14222500,3.008305545614337,6.284885103648155,0.3510250357788826,1.0015377024771377,1.040742473842749,0.9259542758770004,1.0739176202853244,0.3299351368358428,0.7843369150470786,10.230037333333168,p3t1
14236200,2.7501218426395138,5.665640487392349,0.4763558625962655,0.9116597408094982,0.966049315420834,0.8219713823478446,0.9824215194885312,0.6633820837587052,0.7387706633569382,25.324433268335028,p3t2
14301000,1.7714596514168974,3.6357161241057994,0.6525699737991378,0.990351803550907,0.9738838879474632,0.9203317634283448,1.034847394066306,0.2786194529015603,0.6832129390900643,13.13966654666777,p3t2
14303200,5.576659764448096,11.063688753051276,-0.3399528954969022,0.0,0.0344452030924935,0.0037545501802445,0.0074322163464526,0.4286755509560674,0.0861463509432206,6.769391543334738,p3t2
14305500,3.416931622237552,8.406603476265133,0.3934393140460757,1.2121872335428452,1.0751844165719897,1.221032307987414,1.2133452905226283,0.413313532085352,0.6765856108024342,20.295631128332268,p3t1
14306340,2.798965798190104,7.6037010630988,0.1121763634099189,0.9707340231517758,0.9772474985168604,0.8977516133780182,1.0071334339096945,-0.6450150016590813,0.7548596291877896,27.96183054999953,p3t1
14306500,235.94601533882928,499.2923643522458,-6182.787471608185,69.43994153613333,60.849559214618175,31.37066960042716,59.14592655508005,3.704440580073644,2.7244345443023024,29.893048983333088,p3t1
14308990,34.91227003501988,65.59280564904267,-453.2409629147288,18.250743397086364,26.171802000745128,7.6516216286786465,18.193787079652637,2.82733619822869,2.5360562131518174,31.444772981666027,p3t2
14309500,1.7509463118637216,4.41792959361928,0.2898085117089626,1.1861167658709355,1.149279668368874,1.1920178579804477,1.160017052974626,2.0839370127253227,1.641717232789911,22.533044856666432,p3t2
14316700,433.82848455401626,722.8282241611576,-18885.486452636516,110.17476671902166,142.2360031911209,41.64601393000735,84.1177907720445,2.242514195536577,3.621557006820586,19.82774323499956,p3t2
14325000,2.663980571634309,6.036846990215929,0.3982097510968313,0.9132202330121332,0.9020299898513744,0.8730468263505402,0.9631187783642003,-0.3256118113261714,0.5813719083563057,13.560696008333858,p3t1
14362250,3.893759337070289,7.115562464328495,-42.81155201072787,5.785625539182073,11.1129139416735,2.800040364656012,6.486622773840421,0.9175281936694633,1.90386585872414,10.54591124500148,p3t1
14400000,128.4493735598876,158.98649250323658,-136.75108052639462,7.100356567855525,17.29352664673682,3.095825699731765,5.45157596157401,12.6493833702522,91.0787911157164,14.503258590000526,p3t1
